count,mean,std,min,25%,50%,75%,max
8704.0,1666.7041590073527,984.8971294843788,482.7747524752475,817.3391304347826,1678.630073800738,2162.6882352941175,5066.363636363636
